# de venta,Fecha,Hora,Estado de la venta,Subtotal de productos,Descuento,Costo de envío,Total,Metódo de envío,Código postal,Provincia o estado,Ciudad,Cupón de decuento,Nombre del producto,Precio del producto,Cantidad del producto,SKU,Mes,Categoria,Talle,Total_linea,Diseño
1,2025-03-12,14:38,Pago Confirmado,16900.0,0.0,4901.0,21801.0,Correo Argentino - Retiro por sucursal,9400.0,Santa Cruz,RIO GALLEGOS,,"Remera ""Jeff"" (Negro) (M)",16900,1,P1265950,2025-03,Remera,M,16900.0,Remera Jeff
2,2025-03-12,20:11,Pago Confirmado,33800.0,-3380.0,3818.0,34238.0,Correo Argentino - Retiro por sucursal,1123.0,Ciudad Autónoma de Buenos Aires (CABA),CIUDAD AUTONOMA BUENOS AIRES,JEFF,"Remera ""Jeff"" (Blanco) (L)",16900,1,P1265950,2025-03,Remera,L,15210.0,Remera Jeff
2,2025-03-12,20:11,Pago Confirmado,33800.0,-3380.0,3818.0,34238.0,Correo Argentino - Retiro por sucursal,1123.0,Ciudad Autónoma de Buenos Aires (CABA),CIUDAD AUTONOMA BUENOS AIRES,JEFF,"Remera ""experimento ruso"" (Negro) (L)",16900,1,P1272608,2025-03,Remera,L,15210.0,Remera experimento ruso
3,2025-03-12,20:17,Pago Confirmado,27300.0,-2730.0,3704.0,28274.0,Correo Argentino - Retiro por sucursal,1759.0,Buenos Aires,GONZALEZ CATAN,JEFF,"Baby tee ""Jeff"" (Negro) (M)",10400,1,P1265986,2025-03,Baby Tee,M,9360.0,Baby tee Jeff
3,2025-03-12,20:17,Pago Confirmado,27300.0,-2730.0,3704.0,28274.0,Correo Argentino - Retiro por sucursal,1759.0,Buenos Aires,GONZALEZ CATAN,JEFF,"Remera ""experimento ruso"" (Negro) (XL)",16900,1,P1272608,2025-03,Remera,XL,15210.0,Remera experimento ruso
4,2025-03-13,16:16,Pago Confirmado,20800.0,-2080.0,4378.0,23098.0,Correo Argentino - Retiro por sucursal,1900.0,Buenos Aires,LA PLATA,JEFF,"Baby tee ""Experimento ruso"" (Negro) (L)",10400,1,P1272613,2025-03,Baby Tee,L,9360.0,Baby tee Experimento ruso
4,2025-03-13,16:16,Pago Confirmado,20800.0,-2080.0,4378.0,23098.0,Correo Argentino - Retiro por sucursal,1900.0,Buenos Aires,LA PLATA,JEFF,"Baby tee ""Jeff"" (Blanco) (M)",10400,1,P1265986,2025-03,Baby Tee,M,9360.0,Baby tee Jeff
5,2025-03-14,22:13,Pago Confirmado,10400.0,0.0,3704.0,14104.0,Correo Argentino - Retiro por sucursal,1824.0,Buenos Aires,LANUS ESTE,,"Baby tee ""Experimento ruso"" (Negro) (S)",10400,1,P1272613,2025-03,Baby Tee,S,10400.0,Baby tee Experimento ruso
6,2025-03-17,00:23,Pago Confirmado,10400.0,0.0,6742.0,17142.0,Correo Argentino - Envío a domicilio,1900.0,Buenos Aires,La Plata,,"Baby tee ""Jeff"" (Negro) (S)",10400,1,P1265986,2025-03,Baby Tee,S,10400.0,Baby tee Jeff
9,2025-03-19,11:33,Pago Confirmado,20400.0,-2040.0,4378.0,22738.0,Correo Argentino - Retiro por sucursal,5003.0,Córdoba,CORDOBA,JEFF,"Remera ""Jeff"" (Negro) (L)",20400,1,P1265950,2025-03,Remera,L,18360.0,Remera Jeff
10,2025-03-20,19:43,Pago Confirmado,22100.0,0.0,6090.0,28190.0,Correo Argentino - Envío a domicilio,1419.0,Ciudad Autónoma de Buenos Aires (CABA),Villa Devoto,,"Baby tee ""Experimento ruso"" (Negro)",11200,1,P1272613,2025-03,Baby Tee,,11200.0,Baby tee Experimento ruso
10,2025-03-20,19:43,Pago Confirmado,22100.0,0.0,6090.0,28190.0,Correo Argentino - Envío a domicilio,1419.0,Ciudad Autónoma de Buenos Aires (CABA),Villa Devoto,,"Baby tee ""Jeff"" (Negro) (Unico)",10900,1,P1265986,2025-03,Baby Tee,,10900.0,Baby tee Jeff
11,2025-03-20,21:42,Pago Confirmado,11200.0,0.0,6090.0,17290.0,Correo Argentino - Envío a domicilio,1179.0,Ciudad Autónoma de Buenos Aires (CABA),Barracas,,"Baby tee ""Experimento ruso"" (Negro)",11200,1,P1272613,2025-03,Baby Tee,,11200.0,Baby tee Experimento ruso
13,2025-03-21,19:55,Pago Confirmado,21300.0,0.0,4378.0,25678.0,Correo Argentino - Retiro por sucursal,2257.0,Santa Fe,COLONIA BELGRANO,,Baby tee Sonic (Negro) (Unico),10400,1,P1312742,2025-03,Baby Tee,,10400.0,Baby tee Sonic
13,2025-03-21,19:55,Pago Confirmado,21300.0,0.0,4378.0,25678.0,Correo Argentino - Retiro por sucursal,2257.0,Santa Fe,COLONIA BELGRANO,,"Baby tee ""Jeff"" (Negro) (Unico)",10900,1,P1265986,2025-03,Baby Tee,,10900.0,Baby tee Jeff
14,2025-03-21,22:33,Pago Confirmado,10000.0,0.0,3704.0,13704.0,Correo Argentino - Retiro por sucursal,1424.0,Ciudad Autónoma de Buenos Aires (CABA),CIUDAD AUTONOMA BUENOS AIRES,,Baby tee Dream (Blanco) (Unico),10000,1,P1312756,2025-03,Baby Tee,,10000.0,Baby tee Dream
15,2025-03-21,22:41,Pago Confirmado,11200.0,0.0,3704.0,14904.0,Correo Argentino - Retiro por sucursal,1646.0,Buenos Aires,SAN FERNANDO,,"Baby tee ""Experimento ruso"" (Negro)",11200,1,P1272613,2025-03,Baby Tee,,11200.0,Baby tee Experimento ruso
17,2025-03-24,20:54,Pago Confirmado,20400.0,0.0,3704.0,24104.0,Correo Argentino - Retiro por sucursal,1613.0,Buenos Aires,LOS POLVORINES,,Remera Sonic (Negro) (L),20400,1,P1312706,2025-03,Remera,L,20400.0,Remera Sonic
18,2025-03-28,14:56,Pago Confirmado,10900.0,0.0,6742.0,17642.0,Correo Argentino - Envío a domicilio,5009.0,Córdoba,córdoba ,,Baby tee KAOMOJI (Blanco) (S),10900,1,P1342583,2025-03,Baby Tee,S,10900.0,Baby tee KAOMOJI
21,2025-03-30,11:54,Pago Confirmado,32200.0,0.0,4378.0,36578.0,Correo Argentino - Retiro por sucursal,5014.0,Córdoba,CORDOBA,,Baby tee MIKU (Negro) (Unico),10900,1,P1342576,2025-03,Baby Tee,,10900.0,Baby tee MIKU
21,2025-03-30,11:54,Pago Confirmado,32200.0,0.0,4378.0,36578.0,Correo Argentino - Retiro por sucursal,5014.0,Córdoba,CORDOBA,,Baby tee Sonic (Negro) (Unico),10400,1,P1312742,2025-03,Baby Tee,,10400.0,Baby tee Sonic
21,2025-03-30,11:54,Pago Confirmado,32200.0,0.0,4378.0,36578.0,Correo Argentino - Retiro por sucursal,5014.0,Córdoba,CORDOBA,,"Baby tee ""Jeff"" (Negro) (Unico)",10900,1,P1265986,2025-03,Baby Tee,,10900.0,Baby tee Jeff
22,2025-04-01,17:36,Pago Confirmado,20400.0,0.0,6090.0,26490.0,Correo Argentino - Envío a domicilio,1186.0,Ciudad Autónoma de Buenos Aires (CABA),almagro,,"Remera ""Jeff"" (Negro) (M)",20400,1,P1265950,2025-04,Remera,M,20400.0,Remera Jeff
23,2025-04-01,21:06,Pago Confirmado,10900.0,0.0,,10900.0,Entrega personal ,1653.0,Buenos Aires,Villa ballester,,Baby tee MIKU (Negro) (Unico),10900,1,P1342576,2025-04,Baby Tee,,10900.0,Baby tee MIKU
24,2025-04-04,16:44,Pago Confirmado,10900.0,0.0,,10900.0,Entrega personal ,1722.0,Buenos Aires,Merlo,,"Baby tee ""Jeff"" (Negro) (Unico)",10900,1,P1265986,2025-04,Baby Tee,,10900.0,Baby tee Jeff
25,2025-04-05,14:24,Pago Confirmado,10400.0,0.0,4901.0,15301.0,Correo Argentino - Retiro por sucursal,9103.0,Chubut,RAWSON,,Baby tee Sonic (Negro) (Unico),10400,1,P1312742,2025-04,Baby Tee,,10400.0,Baby tee Sonic
26,2025-04-11,10:49,Pago Confirmado,69900.0,-6990.0,5215.0,68125.0,Correo Argentino - Retiro por sucursal,5300.0,La Rioja,LA RIOJA,VESPER10,"Baby tee ""Experimento ruso"" (Negro) (XS)",11200,1,P1272613,2025-04,Baby Tee,XS,10080.0,Baby tee Experimento ruso
26,2025-04-11,10:49,Pago Confirmado,69900.0,-6990.0,5215.0,68125.0,Correo Argentino - Retiro por sucursal,5300.0,La Rioja,LA RIOJA,VESPER10,Baby tee KAFKA (Blanco) (Unico),10900,1,P1342570,2025-04,Baby Tee,,9810.0,Baby tee KAFKA
26,2025-04-11,10:49,Pago Confirmado,69900.0,-6990.0,5215.0,68125.0,Correo Argentino - Retiro por sucursal,5300.0,La Rioja,LA RIOJA,VESPER10,Baby tee MIKU (Negro) (XS),10900,1,P1342576,2025-04,Baby Tee,XS,9810.0,Baby tee MIKU
26,2025-04-11,10:49,Pago Confirmado,69900.0,-6990.0,5215.0,68125.0,Correo Argentino - Retiro por sucursal,5300.0,La Rioja,LA RIOJA,VESPER10,"Baby tee ""Jeff"" (Negro) (XS)",10900,1,P1265986,2025-04,Baby Tee,XS,9810.0,Baby tee Jeff
26,2025-04-11,10:49,Pago Confirmado,69900.0,-6990.0,5215.0,68125.0,Correo Argentino - Retiro por sucursal,5300.0,La Rioja,LA RIOJA,VESPER10,"Remera manga larga ""sonic"" (XL)",26000,1,P1395640,2025-04,Remera,XL,23400.0,Remera manga larga sonic
28,2025-04-11,22:17,Pago Confirmado,20500.0,-2050.0,4378.0,22828.0,Correo Argentino - Retiro por sucursal,1900.0,Buenos Aires,LA PLATA,VESPER10,Remera Dream (M),20500,1,P1312679,2025-04,Remera,M,18450.0,Remera Dream
32,2025-04-13,22:25,Pago Confirmado,10900.0,0.0,,10900.0,Entrega personal ,1249.0,Ciudad Autónoma de Buenos Aires (CABA),caba,,Baby tee KAOMOJI (Negro) (Unico),10900,1,P1342583,2025-04,Baby Tee,,10900.0,Baby tee KAOMOJI
33,2025-04-16,14:09,Pago Confirmado,11200.0,0.0,3704.0,14904.0,Correo Argentino - Retiro por sucursal,1884.0,Buenos Aires,BERAZATEGUI,,"Baby tee ""Experimento ruso"" (Negro) (Unico)",11200,1,P1272613,2025-04,Baby Tee,,11200.0,Baby tee Experimento ruso
36,2025-04-17,22:28,Pago Confirmado,26000.0,0.0,3704.0,29704.0,Correo Argentino - Retiro por sucursal,1431.0,Ciudad Autónoma de Buenos Aires (CABA),CIUDAD AUTONOMA BUENOS AIRES,,"Remera manga larga ""sonic"" (S)",26000,1,P1395640,2025-04,Remera,S,26000.0,Remera manga larga sonic
37,2025-04-19,23:42,Pago Confirmado,26000.0,0.0,,26000.0,Entrega personal ,5300.0,La Rioja,La Rioja,,"Remera manga larga ""sonic"" (L)",26000,1,P1395640,2025-04,Remera,L,26000.0,Remera manga larga sonic
38,2025-04-20,20:40,Pago Confirmado,10900.0,0.0,3704.0,14604.0,Correo Argentino - Retiro por sucursal,1708.0,Buenos Aires,MORON,,"Baby tee ""Jeff"" (Blanco) (S)",10900,1,P1265986,2025-04,Baby Tee,S,10900.0,Baby tee Jeff
40,2025-04-22,15:01,Pago Confirmado,10900.0,0.0,3704.0,14604.0,Correo Argentino - Retiro por sucursal,1842.0,Buenos Aires,MONTE GRANDE,,"Baby tee ""Jeff"" (Negro) (Unico)",10900,1,P1265986,2025-04,Baby Tee,,10900.0,Baby tee Jeff
43,2025-04-28,13:02,Pago Confirmado,20400.0,0.0,3704.0,24104.0,Correo Argentino - Retiro por sucursal,1644.0,Buenos Aires,VICTORIA,,Remera BOB (Negro) (M),20400,1,P1342563,2025-04,Remera,M,20400.0,Remera BOB
44,2025-04-28,21:28,Pago Confirmado,10900.0,0.0,3704.0,14604.0,Correo Argentino - Retiro por sucursal,1876.0,Buenos Aires,BERNAL,,Baby tee KAFKA (Blanco) (S),10900,1,P1342570,2025-04,Baby Tee,S,10900.0,Baby tee KAFKA
45,2025-04-28,22:38,Pago Confirmado,11200.0,0.0,6090.0,17290.0,Correo Argentino - Envío a domicilio,1716.0,Buenos Aires,Libertad,,"Baby tee ""Experimento ruso"" (Negro) (Unico)",11200,1,P1272613,2025-04,Baby Tee,,11200.0,Baby tee Experimento ruso
46,2025-05-01,17:59,Pago Confirmado,50900.0,0.0,3704.0,54604.0,Correo Argentino - Retiro por sucursal,1686.0,Buenos Aires,HURLINGHAM,,"Remera manga larga ""sonic"" (S)",26000,1,P1395640,2025-05,Remera,S,26000.0,Remera manga larga sonic
46,2025-05-01,17:59,Pago Confirmado,50900.0,0.0,3704.0,54604.0,Correo Argentino - Retiro por sucursal,1686.0,Buenos Aires,HURLINGHAM,,Baby tee Dream (Blanco) (S),10000,1,P1312756,2025-05,Baby Tee,S,10000.0,Baby tee Dream
46,2025-05-01,17:59,Pago Confirmado,50900.0,0.0,3704.0,54604.0,Correo Argentino - Retiro por sucursal,1686.0,Buenos Aires,HURLINGHAM,," Tote Bag ""Jeff""",14900,1,P1266004,2025-05,Tote Bag,,14900.0,Tote Bag Jeff
47,2025-05-07,21:39,Pago Confirmado,32500.0,0.0,4378.0,36878.0,Correo Argentino - Retiro por sucursal,2919.0,Santa Fe,VILLA CONSTITUCION,,"Baby tee ""Jeff"" (Negro) (Unico)",10900,1,P1265986,2025-05,Baby Tee,,10900.0,Baby tee Jeff
47,2025-05-07,21:39,Pago Confirmado,32500.0,0.0,4378.0,36878.0,Correo Argentino - Retiro por sucursal,2919.0,Santa Fe,VILLA CONSTITUCION,,"Baby tee ""Experimento ruso"" (Negro) (Unico)",11200,1,P1272613,2025-05,Baby Tee,,11200.0,Baby tee Experimento ruso
47,2025-05-07,21:39,Pago Confirmado,32500.0,0.0,4378.0,36878.0,Correo Argentino - Retiro por sucursal,2919.0,Santa Fe,VILLA CONSTITUCION,,Baby tee Sonic (Blanco) (Unico),10400,1,P1312742,2025-05,Baby Tee,,10400.0,Baby tee Sonic
48,2025-05-08,15:28,Pago Confirmado,35000.0,0.0,7204.0,42204.0,Correo Argentino - Envío a domicilio,1614.0,Buenos Aires,Villa de mayo,,"Buzo ""Por Cesárea"" ⛧ Dillom pixel edition (XXL)",35000,1,P1540687,2025-05,Buzo/Hoodie,XXL,35000.0,Buzo Por Cesárea Dillom pixel edition
50,2025-05-10,13:19,Pago Confirmado,21200.0,0.0,7335.0,28535.0,Correo Argentino - Envío a domicilio,8332.0,Río Negro,General Roca,,Baby tee Dream (Blanco) (Unico),10000,1,P1312756,2025-05,Baby Tee,,10000.0,Baby tee Dream
50,2025-05-10,13:19,Pago Confirmado,21200.0,0.0,7335.0,28535.0,Correo Argentino - Envío a domicilio,8332.0,Río Negro,General Roca,,"Baby tee ""Experimento ruso"" (Negro) (Unico)",11200,1,P1272613,2025-05,Baby Tee,,11200.0,Baby tee Experimento ruso
51,2025-05-14,19:42,Pago Confirmado,35000.0,0.0,4091.0,39091.0,Correo Argentino - Retiro por sucursal,1629.0,Buenos Aires,PILAR,,"Buzo ""Por Cesárea"" ⛧ Dillom pixel edition (L)",35000,1,P1540687,2025-05,Buzo/Hoodie,L,35000.0,Buzo Por Cesárea Dillom pixel edition
52,2025-05-14,21:35,Pago Confirmado,10400.0,0.0,6090.0,16490.0,Correo Argentino - Envío a domicilio,1682.0,Buenos Aires,martin coronado,,Baby tee Sonic (Negro) (Unico),10400,1,P1312742,2025-05,Baby Tee,,10400.0,Baby tee Sonic
53,2025-05-15,11:50,Pago Confirmado,20400.0,0.0,4798.0,25198.0,Correo Argentino - Retiro por sucursal,3360.0,Misiones,OBERA,,Remera Sonic (Negro) (XL),20400,1,P1312706,2025-05,Remera,XL,20400.0,Remera Sonic
54,2025-06-05,09:50,Pago Confirmado,24000.0,0.0,6742.0,30742.0,Correo Argentino - Envío a domicilio,2000.0,Santa Fe,rosario,,"Remera ""Jeff"" (M)",24000,1,P1265950,2025-06,Remera,M,24000.0,Remera Jeff
55,2025-06-05,14:04,Pago Confirmado,27000.0,0.0,7335.0,34335.0,Correo Argentino - Envío a domicilio,5700.0,San Luis,San Luis,,"Baby tee ""Jeff"" (1)",14000,1,P1265986,2025-06,Baby Tee,,14000.0,Baby tee Jeff
55,2025-06-05,14:04,Pago Confirmado,27000.0,0.0,7335.0,34335.0,Correo Argentino - Envío a domicilio,5700.0,San Luis,San Luis,,Baby tee Sonic (1),13000,1,P1312742,2025-06,Baby Tee,,13000.0,Baby tee Sonic
56,2025-06-06,19:29,Pago Confirmado,30000.0,0.0,4378.0,34378.0,Correo Argentino - Retiro por sucursal,1900.0,Buenos Aires,LA PLATA,,"Remera manga larga ""sonic"" (L)",30000,1,P1395640,2025-06,Remera,L,30000.0,Remera manga larga sonic
58,2025-06-08,19:37,Pago Confirmado,40000.0,0.0,4091.0,44091.0,Correo Argentino - Retiro por sucursal,1759.0,Buenos Aires,GONZALEZ CATAN,,"Buzo ""Por Cesárea"" ⛧ Dillom pixel edition (M)",40000,1,P1540687,2025-06,Buzo/Hoodie,M,40000.0,Buzo Por Cesárea Dillom pixel edition
59,2025-06-15,06:34,Pago Confirmado,10900.0,0.0,4378.0,15278.0,Correo Argentino - Retiro por sucursal,3200.0,Entre Ríos,CONCORDIA,,Baby tee KAOMOJI (2),10900,1,P1342583,2025-06,Baby Tee,,10900.0,Baby tee KAOMOJI
60,2025-06-18,10:53,Pago Confirmado,11900.0,-1190.0,3704.0,14414.0,Correo Argentino - Retiro por sucursal,1678.0,Buenos Aires,CASEROS,CREEPYBABY,Baby tee MIKU (2),11900,1,P1342576,2025-06,Baby Tee,,10710.0,Baby tee MIKU
63,2025-06-20,19:59,Pago Confirmado,28700.0,0.0,6742.0,35442.0,Correo Argentino - Envío a domicilio,5152.0,Córdoba,cordoba argentina,,"Remera manga larga ""sonic"" (XL)",28700,1,P1395640,2025-06,Remera,XL,28700.0,Remera manga larga sonic
64,2025-06-21,19:52,Pago Confirmado,14000.0,0.0,4378.0,18378.0,Correo Argentino - Retiro por sucursal,5000.0,Córdoba,CORDOBA,," Tote Bag ""Jeff""",14000,1,P1266004,2025-06,Tote Bag,,14000.0,Tote Bag Jeff
65,2025-06-23,14:52,Pago Confirmado,13000.0,0.0,4798.0,17798.0,Correo Argentino - Retiro por sucursal,8332.0,Río Negro,GENERAL ROCA,,Baby tee personalizada (3),13000,1,P1825108,2025-06,Baby Tee,,13000.0,Baby tee personalizada
66,2025-06-25,12:25,Pago Confirmado,26000.0,0.0,4798.0,30798.0,Correo Argentino - Retiro por sucursal,8303.0,Río Negro,CINCO SALTOS,,Baby tee personalizada (4),13000,1,P1825108,2025-06,Baby Tee,,13000.0,Baby tee personalizada
66,2025-06-25,12:25,Pago Confirmado,26000.0,0.0,4798.0,30798.0,Correo Argentino - Retiro por sucursal,8303.0,Río Negro,CINCO SALTOS,,Baby tee personalizada (3),13000,1,P1825108,2025-06,Baby Tee,,13000.0,Baby tee personalizada
67,2025-06-25,23:26,Pago Confirmado,11900.0,0.0,3704.0,15604.0,Correo Argentino - Retiro por sucursal,1761.0,Buenos Aires,PONTEVEDRA,,Baby tee MIKU (1),11900,1,P1342576,2025-06,Baby Tee,,11900.0,Baby tee MIKU
68,2025-06-30,20:23,Pago Confirmado,28700.0,0.0,6090.0,34790.0,Correo Argentino - Envío a domicilio,1884.0,Buenos Aires,Berazategui ,,"Remera manga larga ""sonic"" (M)",28700,1,P1395640,2025-06,Remera,M,28700.0,Remera manga larga sonic
69,2025-07-01,10:13,Pago Confirmado,24700.0,0.0,3630.0,28330.0,Correo Argentino - Retiro por sucursal,1824.0,Buenos Aires,LANUS ESTE,,Baby tee KAFKA (1),12300,1,P1342570,2025-07,Baby Tee,,12300.0,Baby tee KAFKA
69,2025-07-01,10:13,Pago Confirmado,24700.0,0.0,3630.0,28330.0,Correo Argentino - Retiro por sucursal,1824.0,Buenos Aires,LANUS ESTE,,"Baby tee ""Jeff"" (1)",12400,1,P1265986,2025-07,Baby Tee,,12400.0,Baby tee Jeff
70,2025-07-09,17:47,Pago Confirmado,11200.0,0.0,3630.0,14830.0,Correo Argentino - Retiro por sucursal,1761.0,Buenos Aires,PONTEVEDRA,,Baby tee KAOMOJI (1),11200,1,P1342583,2025-07,Baby Tee,,11200.0,Baby tee KAOMOJI
71,2025-07-17,14:36,Pago Confirmado,20600.0,0.0,4803.0,25403.0,Correo Argentino - Retiro por sucursal,4600.0,Jujuy,SAN SALVADOR DE JUJUY,,Remera manga larga miku tribal (L),20600,1,P1996013,2025-07,Remera,L,20600.0,Remera manga larga miku tribal
72,2025-07-19,21:43,Pago Confirmado,51400.0,0.0,6607.0,58007.0,Correo Argentino - Envío a domicilio,7600.0,Buenos Aires,Mar del Plata,,"Baby tee ""Jeff"" (4)",17200,1,P1265986,2025-07,Baby Tee,,17200.0,Baby tee Jeff
72,2025-07-19,21:43,Pago Confirmado,51400.0,0.0,6607.0,58007.0,Correo Argentino - Envío a domicilio,7600.0,Buenos Aires,Mar del Plata,,"Baby tee ""Experimento ruso"" (4)",17000,1,P1272613,2025-07,Baby Tee,,17000.0,Baby tee Experimento ruso
72,2025-07-19,21:43,Pago Confirmado,51400.0,0.0,6607.0,58007.0,Correo Argentino - Envío a domicilio,7600.0,Buenos Aires,Mar del Plata,,Baby tee white pony (4),17200,1,P1907582,2025-07,Baby Tee,,17200.0,Baby tee white pony
73,2025-07-21,20:11,Pago Confirmado,39693.0,0.0,7944.0,47637.0,Correo Argentino - Envío a domicilio,1900.0,Buenos Aires,La plata,,"Buzo ""Por Cesárea"" ⛧ Dillom pixel edition (XL)",39693,1,P1540687,2025-07,Buzo/Hoodie,XL,39693.0,Buzo Por Cesárea Dillom pixel edition
74,2025-07-22,23:18,Pago Confirmado,39693.0,0.0,4009.0,43702.0,Correo Argentino - Retiro por sucursal,1828.0,Buenos Aires,BANFIELD,,"Buzo ""Por Cesárea"" ⛧ Dillom pixel edition (XXL)",39693,1,P1540687,2025-07,Buzo/Hoodie,XXL,39693.0,Buzo Por Cesárea Dillom pixel edition
75,2025-07-27,17:03,Pago Confirmado,20500.0,0.0,3630.0,24130.0,Correo Argentino - Retiro por sucursal,1276.0,Ciudad Autónoma de Buenos Aires (CABA),CIUDAD AUTONOMA BUENOS AIRES,,"Remera ""Jeff"" (XL)",20500,1,P1265950,2025-07,Remera,XL,20500.0,Remera Jeff
76,2025-08-05,19:28,Pago Confirmado,24400.0,-2440.0,3630.0,25590.0,Correo Argentino - Retiro por sucursal,1768.0,Buenos Aires,CIUDAD MADERO,,Remera DILLOM (Negro) (XXL),24400,1,P2063198,2025-08,Remera,XXL,21960.0,Remera DILLOM
77,2025-08-05,20:05,Pago Confirmado,17200.0,-4300.0,4290.0,17190.0,Correo Argentino - Retiro por sucursal,5000.0,Córdoba,CORDOBA,VESPERCUMPLE,"Baby tee ""Jeff"" (1)",17200,1,P1265986,2025-08,Baby Tee,,12900.0,Baby tee Jeff
78,2025-08-05,23:23,Pago Confirmado,17900.0,-4475.0,3630.0,17055.0,Correo Argentino - Retiro por sucursal,1761.0,Buenos Aires,PONTEVEDRA,VESPERCUMPLE,Baby tee personalizada (1),17900,1,P1825108,2025-08,Baby Tee,,13425.0,Baby tee personalizada
80,2025-08-06,01:03,Pago Confirmado,34200.0,-5130.0,6607.0,35677.0,Correo Argentino - Envío a domicilio,2000.0,Santa Fe,Rosario,VESPERCUMPLE,"Baby tee ""Jeff"" (2)",17200,1,P1265986,2025-08,Baby Tee,,14620.0,Baby tee Jeff
80,2025-08-06,01:03,Pago Confirmado,34200.0,-5130.0,6607.0,35677.0,Correo Argentino - Envío a domicilio,2000.0,Santa Fe,Rosario,VESPERCUMPLE,"Baby tee ""Experimento ruso"" (2)",17000,1,P1272613,2025-08,Baby Tee,,14450.0,Baby tee Experimento ruso
81,2025-08-07,19:39,Pago Confirmado,49700.0,-12425.0,3630.0,40905.0,Correo Argentino - Retiro por sucursal,1667.0,Buenos Aires,TORTUGUITAS,VESPERCUMPLE,Baby tee MIKU (2),17000,1,P1342576,2025-08,Baby Tee,,12750.0,Baby tee MIKU
81,2025-08-07,19:39,Pago Confirmado,49700.0,-12425.0,3630.0,40905.0,Correo Argentino - Retiro por sucursal,1667.0,Buenos Aires,TORTUGUITAS,VESPERCUMPLE,Baby tee KAOMOJI (2),15500,1,P1342583,2025-08,Baby Tee,,11625.0,Baby tee KAOMOJI
81,2025-08-07,19:39,Pago Confirmado,49700.0,-12425.0,3630.0,40905.0,Correo Argentino - Retiro por sucursal,1667.0,Buenos Aires,TORTUGUITAS,VESPERCUMPLE,"Baby tee ""Jeff"" (2)",17200,1,P1265986,2025-08,Baby Tee,,12900.0,Baby tee Jeff
82,2025-08-08,14:44,Pago Confirmado,28600.0,0.0,7188.0,35788.0,Correo Argentino - Envío a domicilio,3418.0,Corrientes,Empedrado,,Remera manga larga dillom (L),28600,1,P1781500,2025-08,Remera,L,28600.0,Remera manga larga dillom
88,2025-08-10,17:10,Pago Confirmado,21800.0,-5450.0,4290.0,20640.0,Correo Argentino - Retiro por sucursal,2741.0,Buenos Aires,SALTO,VESPERCUMPLE,Remera MIKU (S),21800,1,P1342524,2025-08,Remera,S,16350.0,Remera MIKU
89,2025-08-10,23:09,Pago Confirmado,32300.0,-8075.0,3630.0,27855.0,Correo Argentino - Retiro por sucursal,1419.0,Ciudad Autónoma de Buenos Aires (CABA),CIUDAD AUTONOMA BUENOS AIRES,VESPERCUMPLE,"Baby tee ""Jeff"" (4)",17200,1,P1265986,2025-08,Baby Tee,,12900.0,Baby tee Jeff
89,2025-08-10,23:09,Pago Confirmado,32300.0,-8075.0,3630.0,27855.0,Correo Argentino - Retiro por sucursal,1419.0,Ciudad Autónoma de Buenos Aires (CABA),CIUDAD AUTONOMA BUENOS AIRES,VESPERCUMPLE," Tote Bag ""Experimento""",15100,1,P1862269,2025-08,Tote Bag,,11325.0,Tote Bag Experimento
90,2025-08-13,18:29,Pago Confirmado,20500.0,0.0,5968.0,26468.0,Correo Argentino - Envío a domicilio,1414.0,Ciudad Autónoma de Buenos Aires (CABA),Caba,,"Remera ""Jeff"" (M)",20500,1,P1265950,2025-08,Remera,M,20500.0,Remera Jeff
91,2025-08-16,21:48,Pago Confirmado,39300.0,-9825.0,5465.0,34940.0,Correo Argentino - Retiro por sucursal,2820.0,Entre Ríos,GUALEGUAYCHU,VESPERCUMPLE,"Buzo ""Por Cesárea"" ⛧ Dillom pixel edition (XXL)",39300,1,P1540687,2025-08,Buzo/Hoodie,XXL,29475.0,Buzo Por Cesárea Dillom pixel edition
92,2025-08-18,07:53,Pago Confirmado,24400.0,-2440.0,3630.0,25590.0,Correo Argentino - Retiro por sucursal,1741.0,Buenos Aires,GENERAL LAS HERAS,,Remera DILLOM (Negro) (M),24400,1,P2063198,2025-08,Remera,M,21960.0,Remera DILLOM
93,2025-08-20,20:34,Pago Confirmado,17000.0,0.0,3630.0,20630.0,Correo Argentino - Retiro por sucursal,1617.0,Buenos Aires,GENERAL PACHECO,,"Baby tee ""Experimento ruso"" (1)",17000,1,P1272613,2025-08,Baby Tee,,17000.0,Baby tee Experimento ruso
94,2025-08-21,11:53,Pago Confirmado,21800.0,-5450.0,4290.0,20640.0,Correo Argentino - Retiro por sucursal,1896.0,Buenos Aires,CITY BELL,VESPERCUMPLE,Remera manga larga miku tribal (S),21800,1,P1996013,2025-08,Remera,S,16350.0,Remera manga larga miku tribal
95,2025-08-21,16:22,Pago Confirmado,14100.0,0.0,3630.0,17730.0,Correo Argentino - Retiro por sucursal,1607.0,Buenos Aires,VILLA ADELINA,VESPERCUMPLE," Tote Bag ""Jeff""",14100,1,P1266004,2025-08,Tote Bag,,14100.0,Tote Bag Jeff
96,2025-08-30,15:34,Pago Confirmado,68000.0,-17000.0,3742.0,54742.0,Correo Argentino - Retiro por sucursal,1629.0,Buenos Aires,PILAR,VESPERCUMPLE,Remera manga larga The black parade :3 (M),21800,1,P2016248,2025-08,Remera,M,16350.0,Remera manga larga The black parade 3
96,2025-08-30,15:34,Pago Confirmado,68000.0,-17000.0,3742.0,54742.0,Correo Argentino - Retiro por sucursal,1629.0,Buenos Aires,PILAR,VESPERCUMPLE,Remera white pony (Negro) (L),21800,1,P1907534,2025-08,Remera,L,16350.0,Remera white pony
96,2025-08-30,15:34,Pago Confirmado,68000.0,-17000.0,3742.0,54742.0,Correo Argentino - Retiro por sucursal,1629.0,Buenos Aires,PILAR,VESPERCUMPLE,Remera DILLOM (Negro) (L),24400,1,P2063198,2025-08,Remera,L,18300.0,Remera DILLOM
97,2025-09-02,14:13,Pago Confirmado,20500.0,-2050.0,3686.0,22136.0,Correo Argentino - Retiro por sucursal,1653.0,Buenos Aires,VILLA BALLESTER,,Remera The black parade tribal manga corta (Negro) (L),20500,1,P2246259,2025-09,Remera,L,18450.0,Remera The black parade tribal manga corta
98,2025-09-15,20:24,Pago Confirmado,37700.0,0.0,4907.0,42607.0,Correo Argentino - Retiro por sucursal,5730.0,San Luis,VILLA MERCEDES,,Remera Miku tribal manga corta (Negro) (XL),20500,1,P2246247,2025-09,Remera,XL,20500.0,Remera Miku tribal manga corta
98,2025-09-15,20:24,Pago Confirmado,37700.0,0.0,4907.0,42607.0,Correo Argentino - Retiro por sucursal,5730.0,San Luis,VILLA MERCEDES,,"Baby tee ""Jeff"" (4)",17200,1,P1265986,2025-09,Baby Tee,,17200.0,Baby tee Jeff
99,2025-09-17,06:50,Pago Confirmado,24400.0,-4880.0,3686.0,23206.0,Correo Argentino - Retiro por sucursal,1629.0,Buenos Aires,PILAR,POU,Remera pou manga corta (Negro) (L),24400,1,P2333094,2025-09,Remera,L,19520.0,Remera pou manga corta
101,2025-10-06,18:39,Pago Confirmado,15700.0,0.0,4468.0,20168.0,Correo Argentino - Retiro por sucursal,3100.0,Entre Ríos,PARANA,,"Baby tee ""Jeff"" (2)",15700,1,P1265986,2025-10,Baby Tee,,15700.0,Baby tee Jeff
102,2025-10-07,15:00,Pago Confirmado,21800.0,-1090.0,6201.0,26911.0,Correo Argentino - Envío a domicilio,1678.0,Buenos Aires,Caseros,,Remera KAOMOJI (M),21800,1,P1342534,2025-10,Remera,M,20710.0,Remera KAOMOJI
103,2025-10-07,17:46,Pago Confirmado,17000.0,0.0,4468.0,21468.0,Correo Argentino - Retiro por sucursal,2121.0,Santa Fe,PEREZ,,Baby tee personalizada (2),17000,1,P1825108,2025-10,Baby Tee,,17000.0,Baby tee personalizada
105,2025-10-10,18:02,Pago Confirmado,20500.0,0.0,3686.0,24186.0,Correo Argentino - Retiro por sucursal,1686.0,Buenos Aires,HURLINGHAM,,Remera The black parade tribal manga corta (Negro) (M),20500,1,P2246259,2025-10,Remera,M,20500.0,Remera The black parade tribal manga corta
106,2025-10-11,15:00,Pago Confirmado,14100.0,-705.0,5071.0,18466.0,Correo Argentino - Retiro por sucursal,9103.0,Chubut,RAWSON,," Tote Bag ""Jeff""",14100,1,P1266004,2025-10,Tote Bag,,13395.0,Tote Bag Jeff
107,2025-10-14,13:41,Pago Confirmado,15500.0,-775.0,6201.0,20926.0,Correo Argentino - Envío a domicilio,1765.0,Buenos Aires,Isidro casanova,,Baby tee calavera (4),15500,1,P2407405,2025-10,Baby Tee,,14725.0,Baby tee calavera
108,2025-10-21,16:15,Pago Confirmado,17000.0,-850.0,3686.0,19836.0,Correo Argentino - Retiro por sucursal,1761.0,Buenos Aires,PONTEVEDRA,,Baby tee personalizada (1),17000,1,P1825108,2025-10,Baby Tee,,16150.0,Baby tee personalizada
109,2025-10-23,15:05,Pago Confirmado,15700.0,-785.0,3686.0,18601.0,Correo Argentino - Retiro por sucursal,1872.0,Buenos Aires,SARANDI,,"Baby tee ""Jeff"" (1)",15700,1,P1265986,2025-10,Baby Tee,,14915.0,Baby tee Jeff
110,2025-10-25,02:08,Pago Confirmado,9000.0,-450.0,3686.0,12236.0,Correo Argentino - Retiro por sucursal,1604.0,Buenos Aires,FLORIDA OESTE,,Medias CIEMPIÉS (Prueba) 🪱  ✦₊ ⊹ P04,9000,1,P2569151,2025-10,Medias/Pantys,,8550.0,Medias CIEMPIÉS P04
111,2025-10-27,18:00,Pago Confirmado,15700.0,-785.0,3686.0,18601.0,Correo Argentino - Retiro por sucursal,1653.0,Buenos Aires,VILLA BALLESTER,,Baby tee white pony (3),15700,1,P1907582,2025-10,Baby Tee,,14915.0,Baby tee white pony
113,2025-10-27,19:33,Pago Confirmado,9000.0,-450.0,3686.0,12236.0,Correo Argentino - Retiro por sucursal,1055.0,Ciudad Autónoma de Buenos Aires (CABA),CIUDAD AUTONOMA BUENOS AIRES,,Medias KAOMOJIS (Prueba) 🖤 ✦₊ ⊹ P02,9000,1,P2569100,2025-10,Medias/Pantys,,8550.0,Medias KAOMOJIS P02
114,2025-10-27,22:52,Pago Confirmado,9000.0,-450.0,6201.0,14751.0,Correo Argentino - Envío a domicilio,1763.0,Buenos Aires,Virrey del pino,,Medias KAOMOJIS (Prueba) 🖤 ✦₊ ⊹ P01,9000,1,P2569072,2025-10,Medias/Pantys,,8550.0,Medias KAOMOJIS P01
115,2025-10-27,23:09,Pago Confirmado,14000.0,-700.0,4468.0,17768.0,Correo Argentino - Retiro por sucursal,1894.0,Buenos Aires,VILLA ELISA,,🩸 Medias SLENDERR 🩸 ✦₊ ⊹ 06,14000,1,P2568993,2025-10,Medias/Pantys,,13300.0,Medias SLENDERR 06
117,2025-10-29,22:13,Pago Confirmado,13000.0,0.0,7161.0,20161.0,Correo Argentino - Envío a domicilio,1897.0,Buenos Aires,"Manuel b gonnet, La Plata",,🗡️ Medias BLADES 🗡️ ✦₊ ⊹ 04,13000,1,P2569022,2025-10,Medias/Pantys,,13000.0,Medias BLADES 04
119,2025-11-08,03:38,Pago Confirmado,23700.0,0.0,3870.0,27570.0,Correo Argentino - Retiro por sucursal,1870.0,Buenos Aires,AVELLANEDA,,Remera yoshie !! (Negro) (S),23700,1,P2489409,2025-11,Remera,S,23700.0,Remera yoshie
120,2025-11-10,11:14,Pago Confirmado,15100.0,0.0,6511.0,21611.0,Correo Argentino - Envío a domicilio,1722.0,Buenos Aires,Merlo,," Tote Bag ""Experimento""",15100,1,P1862269,2025-11,Tote Bag,,15100.0,Tote Bag Experimento
121,2025-11-12,23:51,Pago Confirmado,15100.0,-755.0,3870.0,18215.0,Correo Argentino - Retiro por sucursal,1138.0,Ciudad Autónoma de Buenos Aires (CABA),CIUDAD AUTONOMA BUENOS AIRES,," Tote Bag ""Experimento""",15100,1,P1862269,2025-11,Tote Bag,,14345.0,Tote Bag Experimento
122,2025-11-19,12:32,Pago Confirmado,33000.0,0.0,4691.0,37691.0,Correo Argentino - Retiro por sucursal,8000.0,Buenos Aires,BAHIA BLANCA,,Remera Miku tribal manga corta (Negro) (L),20500,1,P2246247,2025-11,Remera,L,20500.0,Remera Miku tribal manga corta
122,2025-11-19,12:32,Pago Confirmado,33000.0,0.0,4691.0,37691.0,Correo Argentino - Retiro por sucursal,8000.0,Buenos Aires,BAHIA BLANCA,,Medias kaomoji 09 ✦₊ ⊹,12500,1,P2705410,2025-11,Medias/Pantys,,12500.0,Medias kaomoji 09
123,2025-11-24,10:00,Pago Confirmado,33500.0,-1675.0,4691.0,36516.0,Correo Argentino - Retiro por sucursal,5003.0,Córdoba,CORDOBA,,"Remera ""Jeff"" (M) (Negro)",21000,1,P1265950,2025-11,Remera,M,19950.0,Remera Jeff
123,2025-11-24,10:00,Pago Confirmado,33500.0,-1675.0,4691.0,36516.0,Correo Argentino - Retiro por sucursal,5003.0,Córdoba,CORDOBA,,Medias Kit quirurgico 07 ✦₊ ⊹,12500,1,P2705374,2025-11,Medias/Pantys,,11875.0,Medias Kit quirurgico 07
124,2025-11-30,12:09,Pago Confirmado,70100.0,0.0,5367.0,75467.0,Correo Argentino - Retiro por sucursal,5730.0,San Luis,VILLA MERCEDES,,"Remera ""experimento ruso"" (XL) (Negro)",22000,1,P1272608,2025-11,Remera,XL,22000.0,Remera experimento ruso
124,2025-11-30,12:09,Pago Confirmado,70100.0,0.0,5367.0,75467.0,Correo Argentino - Retiro por sucursal,5730.0,San Luis,VILLA MERCEDES,,Remera slender !! (Negro) (XL),23400,1,P2472395,2025-11,Remera,XL,23400.0,Remera slender
124,2025-11-30,12:09,Pago Confirmado,70100.0,0.0,5367.0,75467.0,Correo Argentino - Retiro por sucursal,5730.0,San Luis,VILLA MERCEDES,,Remera smile dog !! (Negro) (XL),24700,1,P2489308,2025-11,Remera,XL,24700.0,Remera smile dog
125,2025-11-30,16:39,Pago Confirmado,12200.0,-610.0,6511.0,18101.0,Correo Argentino - Envío a domicilio,1416.0,Ciudad Autónoma de Buenos Aires (CABA),Capital Federal,,Medias Kaomoji 06 ✦₊ ⊹,12200,1,P2705340,2025-11,Medias/Pantys,,11590.0,Medias Kaomoji 06
126,2025-11-30,21:06,Pago Confirmado,50900.0,-2545.0,6511.0,54866.0,Correo Argentino - Envío a domicilio,1752.0,Buenos Aires,Buenos Aires ,,Baby tee Trollface (Blanco) (S),14400,1,P2643731,2025-11,Baby Tee,S,13680.0,Baby tee Trollface
126,2025-11-30,21:06,Pago Confirmado,50900.0,-2545.0,6511.0,54866.0,Correo Argentino - Envío a domicilio,1752.0,Buenos Aires,Buenos Aires ,,Remera manga larga miku tribal (S),21800,1,P1996013,2025-11,Remera,S,20710.0,Remera manga larga miku tribal
126,2025-11-30,21:06,Pago Confirmado,50900.0,-2545.0,6511.0,54866.0,Correo Argentino - Envío a domicilio,1752.0,Buenos Aires,Buenos Aires ,,"Baby tee ""Jeff"" (S) (Negro)",14700,1,P1265986,2025-11,Baby Tee,S,13965.0,Baby tee Jeff
127,2025-12-10,03:50,Pago Confirmado,20500.0,0.0,3870.0,24370.0,Correo Argentino - Retiro por sucursal,1440.0,Ciudad Autónoma de Buenos Aires (CABA),CIUDAD AUTONOMA BUENOS AIRES,,Remera The black parade tribal manga corta (Negro) (L),20500,1,P2246259,2025-12,Remera,L,20500.0,Remera The black parade tribal manga corta
128,2025-12-11,14:48,Pago Confirmado,14700.0,0.0,6511.0,21211.0,Correo Argentino - Envío a domicilio,1722.0,Buenos Aires,Merlo,,"Baby tee ""Jeff"" (M) (Negro)",14700,1,P1265986,2025-12,Baby Tee,M,14700.0,Baby tee Jeff
129,2025-12-17,20:22,Pago Confirmado,29100.0,-1455.0,6511.0,34156.0,Correo Argentino - Envío a domicilio,1752.0,Buenos Aires,Lomas del Mirador,,Baby tee Trollface (Negro) (S),14400,1,P2643731,2025-12,Baby Tee,S,13680.0,Baby tee Trollface
129,2025-12-17,20:22,Pago Confirmado,29100.0,-1455.0,6511.0,34156.0,Correo Argentino - Envío a domicilio,1752.0,Buenos Aires,Lomas del Mirador,,"Baby tee ""Jeff"" (S) (Negro)",14700,1,P1265986,2025-12,Baby Tee,S,13965.0,Baby tee Jeff
131,2025-12-18,16:35,Pago Confirmado,14000.0,0.0,3870.0,17870.0,Correo Argentino - Retiro por sucursal,1416.0,Ciudad Autónoma de Buenos Aires (CABA),CIUDAD AUTONOMA BUENOS AIRES,,🩸 Medias SLENDERR 🩸 ✦₊ ⊹ 15,14000,1,P2829056,2025-12,Medias/Pantys,,14000.0,Medias SLENDERR 15
133,2025-12-20,19:34,Pago Confirmado,12500.0,-625.0,3870.0,15745.0,Correo Argentino - Retiro por sucursal,1093.0,Ciudad Autónoma de Buenos Aires (CABA),CIUDAD AUTONOMA BUENOS AIRES,,Medias GUN 11 ✦₊ ⊹,12500,1,P2705427,2025-12,Medias/Pantys,,11875.0,Medias GUN 11
134,2025-12-20,22:57,Pago Confirmado,13000.0,0.0,4691.0,17691.0,Correo Argentino - Retiro por sucursal,1896.0,Buenos Aires,CITY BELL,,💀 Medias MCR “Helena”  💀 ✦₊ ⊹ 05,13000,1,P2569037,2025-12,Medias/Pantys,,13000.0,Medias MCR Helena 05
135,2025-12-25,22:01,Pago Confirmado,49700.0,-2485.0,7413.0,54628.0,Correo Argentino - Envío a domicilio,1011.0,Ciudad Autónoma de Buenos Aires (CABA),retiro,,🩸 Medias SLENDERR 🩸 ✦₊ ⊹ 15,14000,1,P2829056,2025-12,Medias/Pantys,,13300.0,Medias SLENDERR 15
135,2025-12-25,22:01,Pago Confirmado,49700.0,-2485.0,7413.0,54628.0,Correo Argentino - Envío a domicilio,1011.0,Ciudad Autónoma de Buenos Aires (CABA),retiro,,Buzo jeff (L),35700,1,P1781558,2025-12,Buzo/Hoodie,L,33915.0,Buzo jeff
138,2026-01-01,03:21,Pago Confirmado,21000.0,-3150.0,4691.0,22541.0,Correo Argentino - Retiro por sucursal,5166.0,Córdoba,COSQUIN,VESPER10,"Remera ""Jeff"" (L) (Negro)",21000,1,P1265950,2026-01,Remera,L,17850.0,Remera Jeff
139,2026-01-02,23:11,Pago Confirmado,28000.0,0.0,3870.0,31870.0,Correo Argentino - Retiro por sucursal,1430.0,Ciudad Autónoma de Buenos Aires (CABA),CIUDAD AUTONOMA BUENOS AIRES,,PREVENTA - bucaneras personalizadas :3,14000,2,P2882165,2026-01,Bucaneras,,28000.0,bucaneras personalizadas 3
140,2026-01-03,22:08,Pago Confirmado,21800.0,-1090.0,3870.0,24580.0,Correo Argentino - Retiro por sucursal,1406.0,Ciudad Autónoma de Buenos Aires (CABA),CIUDAD AUTONOMA BUENOS AIRES,,Remera KAOMOJI (M) (Negro),21800,1,P1342534,2026-01,Remera,M,20710.0,Remera KAOMOJI
141,2026-01-05,19:27,Pago Confirmado,14000.0,0.0,6511.0,20511.0,Correo Argentino - Envío a domicilio,2804.0,Buenos Aires,Campana,,PREVENTA - bucaneras personalizadas :3,14000,1,P2882165,2026-01,Bucaneras,,14000.0,bucaneras personalizadas 3
142,2026-01-07,16:58,Pago Confirmado,14000.0,-700.0,3870.0,17170.0,Correo Argentino - Retiro por sucursal,1661.0,Buenos Aires,BELLA VISTA,,PREVENTA - bucaneras personalizadas :3,14000,1,P2882165,2026-01,Bucaneras,,13300.0,bucaneras personalizadas 3
143,2026-01-07,21:33,Pago Confirmado,14000.0,-700.0,3870.0,17170.0,Correo Argentino - Retiro por sucursal,1406.0,Ciudad Autónoma de Buenos Aires (CABA),CIUDAD AUTONOMA BUENOS AIRES,,Bucaneras “Dream” – PREVENTA,14000,1,P2935196,2026-01,Bucaneras,,13300.0,Bucaneras Dream
145,2026-01-08,14:55,Pago Confirmado,14000.0,0.0,7519.0,21519.0,Correo Argentino - Envío a domicilio,6700.0,Buenos Aires,Lujan,,Bucaneras “Blades” – PREVENTA,14000,1,P2935169,2026-01,Bucaneras,,14000.0,Bucaneras Blades
146,2026-01-10,14:53,Pago Confirmado,21800.0,0.0,4691.0,26491.0,Correo Argentino - Retiro por sucursal,7165.0,Buenos Aires,VILLA GESELL,,Remera KAOMOJI (M) (Negro),21800,1,P1342534,2026-01,Remera,M,21800.0,Remera KAOMOJI
147,2026-01-10,23:41,Pago Confirmado,23700.0,0.0,5152.0,28852.0,Correo Argentino - Retiro por sucursal,4000.0,Tucumán,SAN MIGUEL DE TUCUMAN,,Remera yoshie !! (Negro) (M),23700,1,P2489409,2026-01,Remera,M,23700.0,Remera yoshie
149,2026-01-13,20:41,Pago Confirmado,23700.0,-1185.0,4691.0,27206.0,Correo Argentino - Retiro por sucursal,5000.0,Córdoba,CORDOBA,,Remera yoshie !! (Negro) (S),23700,1,P2489409,2026-01,Remera,S,22515.0,Remera yoshie
150,2026-01-21,00:31,Pago Confirmado,35800.0,-1790.0,4691.0,38701.0,Correo Argentino - Retiro por sucursal,5186.0,Córdoba,ALTA GRACIA,,Remera KAOMOJI (M) (Negro),21800,1,P1342534,2026-01,Remera,M,20710.0,Remera KAOMOJI
150,2026-01-21,00:31,Pago Confirmado,35800.0,-1790.0,4691.0,38701.0,Correo Argentino - Retiro por sucursal,5186.0,Córdoba,ALTA GRACIA,,Bucaneras “Kaomoji” – PREVENTA,14000,1,P2935162,2026-01,Bucaneras,,13300.0,Bucaneras Kaomoji
151,2026-01-21,17:46,Pago Confirmado,36000.0,-5400.0,3870.0,34470.0,Correo Argentino - Retiro por sucursal,1123.0,Ciudad Autónoma de Buenos Aires (CABA),CIUDAD AUTONOMA BUENOS AIRES,VESPER10,Remera Dream (XXL) (Negro),22000,1,P1312679,2026-01,Remera,XXL,18700.0,Remera Dream
151,2026-01-21,17:46,Pago Confirmado,36000.0,-5400.0,3870.0,34470.0,Correo Argentino - Retiro por sucursal,1123.0,Ciudad Autónoma de Buenos Aires (CABA),CIUDAD AUTONOMA BUENOS AIRES,VESPER10,Bucaneras “Ratas” – PREVENTA,14000,1,P2994955,2026-01,Bucaneras,,11900.0,Bucaneras Ratas
152,2026-01-21,20:29,Pago Confirmado,14000.0,-2100.0,3870.0,15770.0,Correo Argentino - Retiro por sucursal,1636.0,Buenos Aires,OLIVOS,VESPER10,Bucaneras “Helena” – PREVENTA,14000,1,P2935185,2026-01,Bucaneras,,11900.0,Bucaneras Helena
154,2026-01-21,23:07,Pago Confirmado,20500.0,-3075.0,5325.0,22750.0,Correo Argentino - Retiro por sucursal,9000.0,Chubut,COMODORO RIVADAVIA,VESPER10,Remera The black parade tribal manga corta (Negro) (M),20500,1,P2246259,2026-01,Remera,M,17425.0,Remera The black parade tribal manga corta
155,2026-01-26,14:53,Pago Confirmado,43400.0,-2170.0,3870.0,45100.0,Correo Argentino - Retiro por sucursal,1752.0,Buenos Aires,LOMAS DEL MIRADOR,,Baby tee SPIRIT (S),15000,1,P2407416,2026-01,Baby Tee,S,14250.0,Baby tee SPIRIT
155,2026-01-26,14:53,Pago Confirmado,43400.0,-2170.0,3870.0,45100.0,Correo Argentino - Retiro por sucursal,1752.0,Buenos Aires,LOMAS DEL MIRADOR,,Baby tee EMO BUNNY (S),14400,1,P2938163,2026-01,Baby Tee,S,13680.0,Baby tee EMO BUNNY
155,2026-01-26,14:53,Pago Confirmado,43400.0,-2170.0,3870.0,45100.0,Correo Argentino - Retiro por sucursal,1752.0,Buenos Aires,LOMAS DEL MIRADOR,,Bucaneras “Gun” – PREVENTA,14000,1,P2935176,2026-01,Bucaneras,,13300.0,Bucaneras Gun
156,2026-02-02,20:48,Pago Confirmado,14000.0,-700.0,4972.0,18272.0,Correo Argentino - Retiro por sucursal,6015.0,Buenos Aires,LOS TOLDOS,,Bucaneras “Ratas” – PREVENTA,14000,1,P2994955,2026-02,Bucaneras,,13300.0,Bucaneras Ratas
159,2026-02-05,06:05,Pago Confirmado,23700.0,0.0,6902.0,30602.0,Correo Argentino - Envío a domicilio,1744.0,Buenos Aires,Moreno,,Remera yoshie !! (Negro) (XL),23700,1,P2489409,2026-02,Remera,XL,23700.0,Remera yoshie
160,2026-02-05,21:45,Pago Confirmado,20800.0,-1040.0,6902.0,26662.0,Correo Argentino - Envío a domicilio,1184.0,Ciudad Autónoma de Buenos Aires (CABA),Buenos Aires,,Remera EMO BUNNY (XL) (Negro),20800,1,P2938129,2026-02,Remera,XL,19760.0,Remera EMO BUNNY
161,2026-02-06,12:23,Pago Confirmado,105000.0,-5250.0,4462.0,104212.0,Correo Argentino - Retiro por sucursal,1414.0,Ciudad Autónoma de Buenos Aires (CABA),CIUDAD AUTONOMA BUENOS AIRES,,Remera KAOMOJI (M) (Negro),21800,1,P1342534,2026-02,Remera,M,20710.0,Remera KAOMOJI
161,2026-02-06,12:23,Pago Confirmado,105000.0,-5250.0,4462.0,104212.0,Correo Argentino - Retiro por sucursal,1414.0,Ciudad Autónoma de Buenos Aires (CABA),CIUDAD AUTONOMA BUENOS AIRES,,"Remera ""Jeff"" (M) (Negro)",21000,1,P1265950,2026-02,Remera,M,19950.0,Remera Jeff
161,2026-02-06,12:23,Pago Confirmado,105000.0,-5250.0,4462.0,104212.0,Correo Argentino - Retiro por sucursal,1414.0,Ciudad Autónoma de Buenos Aires (CABA),CIUDAD AUTONOMA BUENOS AIRES,,Remera Miku tribal manga corta (Negro) (M),20500,1,P2246247,2026-02,Remera,M,19475.0,Remera Miku tribal manga corta
161,2026-02-06,12:23,Pago Confirmado,105000.0,-5250.0,4462.0,104212.0,Correo Argentino - Retiro por sucursal,1414.0,Ciudad Autónoma de Buenos Aires (CABA),CIUDAD AUTONOMA BUENOS AIRES,,Remera NYAN LOVERS V1 (M) (Negro),19700,1,P3020151,2026-02,Remera,M,18715.0,Remera NYAN LOVERS V1
161,2026-02-06,12:23,Pago Confirmado,105000.0,-5250.0,4462.0,104212.0,Correo Argentino - Retiro por sucursal,1414.0,Ciudad Autónoma de Buenos Aires (CABA),CIUDAD AUTONOMA BUENOS AIRES,,Remera MEOW (M) (Negro),22000,1,P2938117,2026-02,Remera,M,20900.0,Remera MEOW
162,2026-02-06,16:39,Pago Confirmado,14000.0,0.0,4102.0,18102.0,Correo Argentino - Retiro por sucursal,1429.0,Ciudad Autónoma de Buenos Aires (CABA),CIUDAD AUTONOMA BUENOS AIRES,,Bucaneras “Gun” – PREVENTA,14000,1,P2935176,2026-02,Bucaneras,,14000.0,Bucaneras Gun
163,2026-02-13,12:31,Pago Confirmado,28000.0,-1400.0,4102.0,30702.0,Correo Argentino - Retiro por sucursal,1602.0,Buenos Aires,FLORIDA,,Bucaneras “Helena” – PREVENTA,14000,1,P2935185,2026-02,Bucaneras,,13300.0,Bucaneras Helena
163,2026-02-13,12:31,Pago Confirmado,28000.0,-1400.0,4102.0,30702.0,Correo Argentino - Retiro por sucursal,1602.0,Buenos Aires,FLORIDA,,Bucaneras “Blades” – PREVENTA,14000,1,P2935169,2026-02,Bucaneras,,13300.0,Bucaneras Blades
164,2026-02-14,00:46,Pago Confirmado,14700.0,0.0,8677.0,23377.0,Correo Argentino - Envío a domicilio,5526.0,Mendoza,Guaymallen,,"Baby tee ""Jeff"" (L) (Negro)",14700,1,P1265986,2026-02,Baby Tee,L,14700.0,Baby tee Jeff
165,2026-02-14,13:08,Pago Confirmado,22000.0,0.0,4102.0,26102.0,Correo Argentino - Retiro por sucursal,1882.0,Buenos Aires,EZPELETA,,"Remera ""experimento ruso"" (M) (Negro)",22000,1,P1272608,2026-02,Remera,M,22000.0,Remera experimento ruso
166,2026-02-14,14:26,Pago Confirmado,16200.0,0.0,4102.0,20302.0,Correo Argentino - Retiro por sucursal,1419.0,Ciudad Autónoma de Buenos Aires (CABA),CIUDAD AUTONOMA BUENOS AIRES,,"Baby tee ""Experimento ruso"" (Negro) (S)",16200,1,P1272613,2026-02,Baby Tee,S,16200.0,Baby tee Experimento ruso
167,2026-02-17,20:41,Pago Confirmado,15000.0,0.0,8677.0,23677.0,Correo Argentino - Envío a domicilio,5526.0,Mendoza,Guaymallen,,Totebag personalizada,15000,1,P2108138,2026-02,Tote Bag,,15000.0,Totebag personalizada
168,2026-02-21,17:05,Pago Confirmado,37500.0,-1875.0,4102.0,39727.0,Correo Argentino - Retiro por sucursal,1427.0,Ciudad Autónoma de Buenos Aires (CABA),CIUDAD AUTONOMA BUENOS AIRES,,Baby tee KAFKA (Negro) (S),15500,1,P1342570,2026-02,Baby Tee,S,14725.0,Baby tee KAFKA
168,2026-02-21,17:05,Pago Confirmado,37500.0,-1875.0,4102.0,39727.0,Correo Argentino - Retiro por sucursal,1427.0,Ciudad Autónoma de Buenos Aires (CABA),CIUDAD AUTONOMA BUENOS AIRES,,"Remera ""experimento ruso"" (L) (Negro)",22000,1,P1272608,2026-02,Remera,L,20900.0,Remera experimento ruso
169,2026-02-21,19:52,Pago Confirmado,11400.0,-570.0,4102.0,14932.0,Correo Argentino - Retiro por sucursal,1765.0,Buenos Aires,ISIDRO CASANOVA,,"Baby tee ""Experimento ruso"" L (oferta)",11400,1,P1272613,2026-02,Baby Tee,,10830.0,Baby tee Experimento ruso
170,2026-02-21,21:18,Pago Confirmado,41100.0,-2055.0,4165.0,43210.0,Correo Argentino - Retiro por sucursal,1123.0,Ciudad Autónoma de Buenos Aires (CABA),CIUDAD AUTONOMA BUENOS AIRES,,Remera smile dog !! (Negro) (XL),24700,1,P2489308,2026-02,Remera,XL,23465.0,Remera smile dog
170,2026-02-21,21:18,Pago Confirmado,41100.0,-2055.0,4165.0,43210.0,Correo Argentino - Retiro por sucursal,1123.0,Ciudad Autónoma de Buenos Aires (CABA),CIUDAD AUTONOMA BUENOS AIRES,,Remera slender L (oferta) (Negro),16400,1,P2472395,2026-02,Remera,,15580.0,Remera slender
171,2026-02-22,00:32,Pago Confirmado,14600.0,-730.0,4972.0,18842.0,Correo Argentino - Retiro por sucursal,5000.0,Córdoba,CORDOBA,,"Vestido ""Kafka""",14600,1,,2026-02,Vestido,,13870.0,Vestido Kafka
172,2026-02-22,22:42,Pago Confirmado,18900.0,-945.0,4102.0,22057.0,Correo Argentino - Retiro por sucursal,1425.0,Ciudad Autónoma de Buenos Aires (CABA),CIUDAD AUTONOMA BUENOS AIRES,,"Falda ""Bunnies""",8000,1,,2026-02,Pollera,,7600.0,Falda Bunnies
172,2026-02-22,22:42,Pago Confirmado,18900.0,-945.0,4102.0,22057.0,Correo Argentino - Retiro por sucursal,1425.0,Ciudad Autónoma de Buenos Aires (CABA),CIUDAD AUTONOMA BUENOS AIRES,,Baby tee MIKU M (oferta) (M) (Negro),10900,1,P1342576,2026-02,Baby Tee,M,10355.0,Baby tee MIKU
173,2026-02-25,15:14,Pago Confirmado,45500.0,0.0,4972.0,50472.0,Correo Argentino - Retiro por sucursal,7240.0,Buenos Aires,LOBOS,,Baby tee MIKU (S) (Negro),15500,1,P1342576,2026-02,Baby Tee,S,15500.0,Baby tee MIKU
173,2026-02-25,15:14,Pago Confirmado,45500.0,0.0,4972.0,50472.0,Correo Argentino - Retiro por sucursal,7240.0,Buenos Aires,LOBOS,,Baby tee KAFKA (Negro) (S),15500,1,P1342570,2026-02,Baby Tee,S,15500.0,Baby tee KAFKA
173,2026-02-25,15:14,Pago Confirmado,45500.0,0.0,4972.0,50472.0,Correo Argentino - Retiro por sucursal,7240.0,Buenos Aires,LOBOS,,Baby tee calavera (S),14500,1,P2407405,2026-02,Baby Tee,S,14500.0,Baby tee calavera
174,2026-02-27,01:00,Pago Confirmado,32400.0,0.0,6902.0,39302.0,Correo Argentino - Envío a domicilio,1646.0,Buenos Aires,Virreyes san fernando ,,Remera Dream (M) (Negro),22000,1,P1312679,2026-02,Remera,M,22000.0,Remera Dream
174,2026-02-27,01:00,Pago Confirmado,32400.0,0.0,6902.0,39302.0,Correo Argentino - Envío a domicilio,1646.0,Buenos Aires,Virreyes san fernando ,,Baby tee Dream M (oferta),10400,1,,2026-02,Baby Tee,,10400.0,Baby tee Dream M
175,2026-03-01,16:06,Pago Confirmado,16700.0,-835.0,4102.0,19967.0,Correo Argentino - Retiro por sucursal,1824.0,Buenos Aires,LANUS OESTE,,Baby tee PANCHO (1),16700,1,P2407482,2026-03,Baby Tee,,15865.0,Baby tee PANCHO
176,2026-03-02,10:18,Pago Confirmado,10300.0,0.0,6902.0,17202.0,Correo Argentino - Envío a domicilio,1625.0,Buenos Aires,Belén de Escobar,,"Baby tee ""Jeff"" M (oferta)",10300,1,,2026-03,Baby Tee,,10300.0,Baby tee Jeff M
177,2026-03-05,14:43,Pago Confirmado,14000.0,0.0,6902.0,20902.0,Correo Argentino - Envío a domicilio,1646.0,Buenos Aires,"Virreyes, San Fernando ",,Bucaneras “Dream” – PREVENTA,14000,1,P2935196,2026-03,Bucaneras,,14000.0,Bucaneras Dream
178,2026-03-06,00:14,Pago Confirmado,14400.0,0.0,4102.0,18502.0,Correo Argentino - Retiro por sucursal,1667.0,Buenos Aires,TORTUGUITAS,,Baby tee NOSFERATU (Negro) (L),14400,1,P2750010,2026-03,Baby Tee,L,14400.0,Baby tee NOSFERATU
179,2026-03-07,16:54,Pago Confirmado,14000.0,0.0,6902.0,20902.0,Correo Argentino - Envío a domicilio,1722.0,Buenos Aires,Merlo,,Bucaneras “Ratas” – PREVENTA,14000,1,P2994955,2026-03,Bucaneras,,14000.0,Bucaneras Ratas
180,2026-03-07,21:13,Pago Confirmado,77400.0,-3870.0,9353.0,82883.0,Correo Argentino - Envío a domicilio,3700.0,Chaco,Presidencia Roque Sáenz Peña,,Remera KAFKA (M) (Negro),21800,1,P1342553,2026-03,Remera,M,20710.0,Remera KAFKA
180,2026-03-07,21:13,Pago Confirmado,77400.0,-3870.0,9353.0,82883.0,Correo Argentino - Envío a domicilio,3700.0,Chaco,Presidencia Roque Sáenz Peña,,Remera Miku tribal manga corta (Negro) (M),20500,1,P2246247,2026-03,Remera,M,19475.0,Remera Miku tribal manga corta
180,2026-03-07,21:13,Pago Confirmado,77400.0,-3870.0,9353.0,82883.0,Correo Argentino - Envío a domicilio,3700.0,Chaco,Presidencia Roque Sáenz Peña,,Remera yoshie !! (Negro) (M),23700,1,P2489409,2026-03,Remera,M,22515.0,Remera yoshie
180,2026-03-07,21:13,Pago Confirmado,77400.0,-3870.0,9353.0,82883.0,Correo Argentino - Envío a domicilio,3700.0,Chaco,Presidencia Roque Sáenz Peña,,Baby tee Sonic L (oferta),11400,1,,2026-03,Baby Tee,,10830.0,Baby tee Sonic L
181,2026-03-09,19:32,Pago Confirmado,14000.0,-700.0,4102.0,17402.0,Correo Argentino - Retiro por sucursal,1247.0,Ciudad Autónoma de Buenos Aires (CABA),CIUDAD AUTONOMA BUENOS AIRES,,Bucaneras “Troll” – PREVENTA,14000,1,P2935190,2026-03,Bucaneras,,13300.0,Bucaneras Troll
182,2026-03-09,20:10,Pago Confirmado,21000.0,0.0,4102.0,25102.0,Correo Argentino - Retiro por sucursal,1607.0,Buenos Aires,VILLA ADELINA,," Tote Bag ""Jeff""",21000,1,P1266004,2026-03,Tote Bag,,21000.0,Tote Bag Jeff
183,2026-03-15,16:52,Pago Confirmado,10300.0,-515.0,4102.0,13887.0,Correo Argentino - Retiro por sucursal,1847.0,Buenos Aires,RAFAEL CALZADA,,"Baby tee ""Jeff"" s (oferta)",10300,1,,2026-03,Baby Tee,,9785.0,Baby tee Jeff s
184,2026-03-18,03:59,Pago Confirmado,25600.0,0.0,4972.0,30572.0,Correo Argentino - Retiro por sucursal,8000.0,Buenos Aires,BAHIA BLANCA,,Remera LEO (XL) (Negro),25600,1,P3020359,2026-03,Remera,XL,25600.0,Remera LEO
185,2026-03-24,21:18,Pago Confirmado,22000.0,-1100.0,,20900.0,Retiro en garogaro ,1603.0,Buenos Aires,Villa martelli,,Pantys quirurgicas,22000,1,,2026-03,Medias/Pantys,,20900.0,Pantys quirurgicas
186,2026-03-27,21:26,Pago Confirmado,28200.0,-1410.0,,26790.0,Retiro en garogaro ,1661.0,Buenos Aires,Bella vista,,Baby tee personalizada (Blanco) (M),13800,1,P1825108,2026-03,Baby Tee,M,13110.0,Baby tee personalizada
186,2026-03-27,21:26,Pago Confirmado,28200.0,-1410.0,,26790.0,Retiro en garogaro ,1661.0,Buenos Aires,Bella vista,,Baby tee EMO BUNNY (M),14400,1,P2938163,2026-03,Baby Tee,M,13680.0,Baby tee EMO BUNNY
188,2026-04-02,16:46,Pago Confirmado,14000.0,0.0,5270.0,19270.0,Correo Argentino - Retiro por sucursal,5000.0,Córdoba,CORDOBA,,Bucaneras “Dream” – PREVENTA,14000,1,P2935196,2026-04,Bucaneras,,14000.0,Bucaneras Dream
189,2026-04-05,22:38,Pago Confirmado,14000.0,0.0,4348.0,18348.0,Correo Argentino - Retiro por sucursal,1407.0,Ciudad Autónoma de Buenos Aires (CABA),CIUDAD AUTONOMA BUENOS AIRES,,Bucaneras “Piano” – PREVENTA,14000,1,P2935192,2026-04,Bucaneras,,14000.0,Bucaneras Piano
190,2026-04-07,14:42,Pago Confirmado,22000.0,-3300.0,4348.0,23048.0,Correo Argentino - Retiro por sucursal,1416.0,Ciudad Autónoma de Buenos Aires (CABA),CIUDAD AUTONOMA BUENOS AIRES,VESPER10,"Remera ""experimento ruso"" (M) (Negro)",22000,1,P1272608,2026-04,Remera,M,18700.0,Remera experimento ruso
191,2026-04-15,09:48,Pago Confirmado,14000.0,-700.0,4348.0,17648.0,Correo Argentino - Retiro por sucursal,1042.0,Ciudad Autónoma de Buenos Aires (CABA),CIUDAD AUTONOMA BUENOS AIRES,,Bucaneras “Dream” – PREVENTA,14000,1,P2935196,2026-04,Bucaneras,,13300.0,Bucaneras Dream
192,2026-04-15,16:39,Pago Confirmado,14000.0,-700.0,7316.0,20616.0,Correo Argentino - Envío a domicilio,1239.0,Ciudad Autónoma de Buenos Aires (CABA),Boedo,,Bucaneras “Piano” – PREVENTA,14000,1,P2935192,2026-04,Bucaneras,,13300.0,Bucaneras Piano
193,2026-04-16,02:17,Pago Confirmado,21000.0,0.0,7316.0,28316.0,Correo Argentino - Envío a domicilio,1663.0,Buenos Aires,San miguel,," Tote Bag ""Experimento""",21000,1,P1862269,2026-04,Tote Bag,,21000.0,Tote Bag Experimento
199,2026-04-26,15:37,Pago Confirmado,89500.0,0.0,7591.0,97091.0,Correo Argentino - Envío a domicilio,1888.0,Buenos Aires,Florencio Varela,,Remera yoshie !! (Negro) (XL),23700,1,P2489409,2026-04,Remera,XL,23700.0,Remera yoshie
199,2026-04-26,15:37,Pago Confirmado,89500.0,0.0,7591.0,97091.0,Correo Argentino - Envío a domicilio,1888.0,Buenos Aires,Florencio Varela,,Bucaneras “Troll” – PREVENTA,16000,1,P2935190,2026-04,Bucaneras,,16000.0,Bucaneras Troll
199,2026-04-26,15:37,Pago Confirmado,89500.0,0.0,7591.0,97091.0,Correo Argentino - Envío a domicilio,1888.0,Buenos Aires,Florencio Varela,,Bucaneras “Kaomoji” – PREVENTA,16000,1,P2935162,2026-04,Bucaneras,,16000.0,Bucaneras Kaomoji
199,2026-04-26,15:37,Pago Confirmado,89500.0,0.0,7591.0,97091.0,Correo Argentino - Envío a domicilio,1888.0,Buenos Aires,Florencio Varela,,Remera smile dog !! (Negro) (XL),24700,1,P2489308,2026-04,Remera,XL,24700.0,Remera smile dog
199,2026-04-26,15:37,Pago Confirmado,89500.0,0.0,7591.0,97091.0,Correo Argentino - Envío a domicilio,1888.0,Buenos Aires,Florencio Varela,,⚠️ Medias DANGER 01 ⚠️ ✦₊ ⊹,9100,1,P2568487,2026-04,Medias/Pantys,,9100.0,Medias DANGER 01
201,2026-05-02,01:49,Pago Confirmado,33500.0,0.0,5270.0,38770.0,Correo Argentino - Retiro por sucursal,6005.0,Buenos Aires,GENERAL ARENALES,,Bucaneras “Blades” – PREVENTA,16000,1,P2935169,2026-05,Bucaneras,,16000.0,Bucaneras Blades
201,2026-05-02,01:49,Pago Confirmado,33500.0,0.0,5270.0,38770.0,Correo Argentino - Retiro por sucursal,6005.0,Buenos Aires,GENERAL ARENALES,,Bucaneras “Piano” – PREVENTA,17500,1,P2935192,2026-05,Bucaneras,,17500.0,Bucaneras Piano
202,2026-05-02,14:21,Pago Confirmado,38300.0,0.0,7316.0,45616.0,Correo Argentino - Envío a domicilio,1888.0,Buenos Aires,Florencio Varela ,,Bucaneras “Piano” – PREVENTA,17500,1,P2935192,2026-05,Bucaneras,,17500.0,Bucaneras Piano
202,2026-05-02,14:21,Pago Confirmado,38300.0,0.0,7316.0,45616.0,Correo Argentino - Envío a domicilio,1888.0,Buenos Aires,Florencio Varela ,,Remera EMO BUNNY (M) (Negro),20800,1,P2938129,2026-05,Remera,M,20800.0,Remera EMO BUNNY
203,2026-05-02,23:47,Pago Confirmado,25600.0,-1280.0,4348.0,28668.0,Correo Argentino - Retiro por sucursal,1684.0,Buenos Aires,CIUDAD JARDIN DEL PALOMAR,,Remera LEO (XXL) (Negro),25600,1,P3020359,2026-05,Remera,XXL,24320.0,Remera LEO
204,2026-05-10,20:49,Pago Confirmado,16300.0,0.0,4348.0,20648.0,Correo Argentino - Retiro por sucursal,1708.0,Buenos Aires,MORON,,Baby tee fun people (M),16300,1,P3075012,2026-05,Baby Tee,M,16300.0,Baby tee fun people
205,2026-05-15,08:19,Pago Confirmado,21000.0,0.0,4348.0,25348.0,Correo Argentino - Retiro por sucursal,1607.0,Buenos Aires,VILLA ADELINA,, Tote Bag yoshie,21000,1,,2026-05,Tote Bag,,21000.0,Tote Bag yoshie
206,2026-05-16,03:55,Pago Confirmado,23000.0,0.0,4348.0,27348.0,Correo Argentino - Retiro por sucursal,1836.0,Buenos Aires,LLAVALLOL,,Pantys slenderman,23000,1,,2026-05,Medias/Pantys,,23000.0,Pantys slenderman
207,2026-05-17,23:47,Pago Confirmado,49500.0,-2475.0,4348.0,51373.0,Correo Argentino - Retiro por sucursal,1650.0,Buenos Aires,GENERAL SAN MARTIN,,Bucaneras “Troll” – PREVENTA,16000,1,P2935190,2026-05,Bucaneras,,15200.0,Bucaneras Troll
207,2026-05-17,23:47,Pago Confirmado,49500.0,-2475.0,4348.0,51373.0,Correo Argentino - Retiro por sucursal,1650.0,Buenos Aires,GENERAL SAN MARTIN,,Bucaneras “Kaomoji” – PREVENTA,16000,1,P2935162,2026-05,Bucaneras,,15200.0,Bucaneras Kaomoji
207,2026-05-17,23:47,Pago Confirmado,49500.0,-2475.0,4348.0,51373.0,Correo Argentino - Retiro por sucursal,1650.0,Buenos Aires,GENERAL SAN MARTIN,,Bucaneras “Piano” – PREVENTA,17500,1,P2935192,2026-05,Bucaneras,,16625.0,Bucaneras Piano
208,2026-05-19,11:09,Pago Confirmado,22000.0,0.0,4348.0,26348.0,Correo Argentino - Retiro por sucursal,1406.0,Ciudad Autónoma de Buenos Aires (CABA),CIUDAD AUTONOMA BUENOS AIRES,,Remera MEOW (S) (Negro),22000,1,P2938117,2026-05,Remera,S,22000.0,Remera MEOW
210,2026-05-20,17:24,Pago Confirmado,16000.0,0.0,5789.0,21789.0,Correo Argentino - Retiro por sucursal,5300.0,La Rioja,LA RIOJA,,Bucaneras “Troll” – PREVENTA,16000,1,P2935190,2026-05,Bucaneras,,16000.0,Bucaneras Troll
211,2026-05-26,21:40,Pago Confirmado,24700.0,-2470.0,4348.0,26578.0,Correo Argentino - Retiro por sucursal,1722.0,Buenos Aires,MERLO,VESPER10,Remera smile dog !! (Negro) (M),24700,1,P2489308,2026-05,Remera,M,22230.0,Remera smile dog
212,2026-05-28,11:34,Pago Confirmado,19890.0,0.0,8448.0,28338.0,Correo Argentino - Envío a domicilio,2900.0,Buenos Aires,San nicolas de los arroyos,VESPER10,Remera regan (Negro) (XL),19890,1,,2026-05,Remera,XL,19890.0,Remera regan
213,2026-05-28,12:18,Pago Confirmado,43590.0,-6538.5,4348.0,41399.5,Correo Argentino - Retiro por sucursal,1123.0,Ciudad Autónoma de Buenos Aires (CABA),CIUDAD AUTONOMA BUENOS AIRES,VESPER10,Remera regan (Negro) (XL),19890,1,,2026-05,Remera,XL,16906.5,Remera regan
213,2026-05-28,12:18,Pago Confirmado,43590.0,-6538.5,4348.0,41399.5,Correo Argentino - Retiro por sucursal,1123.0,Ciudad Autónoma de Buenos Aires (CABA),CIUDAD AUTONOMA BUENOS AIRES,VESPER10,Remera yoshie !! (Negro) (XL),23700,1,P2489409,2026-05,Remera,XL,20145.0,Remera yoshie
214,2026-06-04,10:00,Pago Confirmado,33300.0,0.0,6113.0,39413.0,Correo Argentino - Retiro por sucursal,7630.0,Buenos Aires,NECOCHEA,,Bucaneras “Slender” – PREVENTA,17000,1,P2935042,2026-06,Bucaneras,,17000.0,Bucaneras Slender
214,2026-06-04,10:00,Pago Confirmado,33300.0,0.0,6113.0,39413.0,Correo Argentino - Retiro por sucursal,7630.0,Buenos Aires,NECOCHEA,,Baby tee fun people (L),16300,1,P3075012,2026-06,Baby Tee,L,16300.0,Baby tee fun people
215,2026-06-09,14:41,Pago Confirmado,58400.0,-2920.0,5121.0,60601.0,Correo Argentino - Retiro por sucursal,1427.0,Ciudad Autónoma de Buenos Aires (CABA),CIUDAD AUTONOMA BUENOS AIRES,,Bucaneras “Quirurgico” – PREVENTA,16000,1,P2935172,2026-06,Bucaneras,,15200.0,Bucaneras Quirurgico
215,2026-06-09,14:41,Pago Confirmado,58400.0,-2920.0,5121.0,60601.0,Correo Argentino - Retiro por sucursal,1427.0,Ciudad Autónoma de Buenos Aires (CABA),CIUDAD AUTONOMA BUENOS AIRES,,Remera Slenderman corazon (S) (Negro),21900,1,P3074578,2026-06,Remera,S,20805.0,Remera Slenderman corazon
215,2026-06-09,14:41,Pago Confirmado,58400.0,-2920.0,5121.0,60601.0,Correo Argentino - Retiro por sucursal,1427.0,Ciudad Autónoma de Buenos Aires (CABA),CIUDAD AUTONOMA BUENOS AIRES,,Remera Miku tribal manga corta (Negro) (L),20500,1,P2246247,2026-06,Remera,L,19475.0,Remera Miku tribal manga corta
216,2026-06-09,16:29,Pago Confirmado,23700.0,0.0,7755.0,31455.0,Correo Argentino - Envío a domicilio,1744.0,Buenos Aires,Moreno,,Remera yoshie !! (Negro) (XXL),23700,1,P2489409,2026-06,Remera,XXL,23700.0,Remera yoshie
217,2026-06-11,03:22,Pago Confirmado,16000.0,-800.0,5044.0,20244.0,Correo Argentino - Retiro por sucursal,1888.0,Buenos Aires,FLORENCIO VARELA,,Bucaneras “Black Parade” – PREVENTA,16000,1,P2935179,2026-06,Bucaneras,,15200.0,Bucaneras Black Parade
219,2026-06-11,17:38,Pago Confirmado,24700.0,0.0,7755.0,32455.0,Correo Argentino - Envío a domicilio,1875.0,Buenos Aires,Wilde,,Remera smile dog !! (Negro) (S),24700,1,P2489308,2026-06,Remera,S,24700.0,Remera smile dog
223,2026-06-22,17:45,Pago Confirmado,16000.0,0.0,6113.0,22113.0,Correo Argentino - Retiro por sucursal,2820.0,Entre Ríos,GUALEGUAYCHU,,Bucaneras “Troll” – PREVENTA,16000,1,P2935190,2026-06,Bucaneras,,16000.0,Bucaneras Troll
224,2026-07-01,22:33,Pago Confirmado,16700.0,0.0,5044.0,21744.0,Correo Argentino - Retiro por sucursal,1426.0,Ciudad Autónoma de Buenos Aires (CABA),CIUDAD AUTONOMA BUENOS AIRES,,Baby tee pou (4),16700,1,P2407392,2026-07,Baby Tee,,16700.0,Baby tee pou
225,2026-07-05,19:45,Pago Confirmado,30000.0,0.0,8829.0,38829.0,Correo Argentino - Envío a domicilio,1722.0,Buenos Aires,Merlo,,Buzo cuello redondo personalizado (L),30000,1,P2107471,2026-07,Buzo/Hoodie,L,30000.0,Buzo cuello redondo personalizado
226,2026-07-08,21:34,Pago Confirmado,21400.0,0.0,5044.0,26444.0,Correo Argentino - Retiro por sucursal,1181.0,Ciudad Autónoma de Buenos Aires (CABA),CIUDAD AUTONOMA BUENOS AIRES,,Guantes SMILE DOG,12700,1,,2026-07,Guantes,,12700.0,Guantes SMILE DOG
226,2026-07-08,21:34,Pago Confirmado,21400.0,0.0,5044.0,26444.0,Correo Argentino - Retiro por sucursal,1181.0,Ciudad Autónoma de Buenos Aires (CABA),CIUDAD AUTONOMA BUENOS AIRES,,Gorro SILENT HILL,8700,1,,2026-07,Gorro,,8700.0,Gorro SILENT HILL
227,2026-07-08,22:50,Pago Confirmado,27800.0,-4170.0,5044.0,28674.0,Correo Argentino - Retiro por sucursal,1123.0,Ciudad Autónoma de Buenos Aires (CABA),CIUDAD AUTONOMA BUENOS AIRES,VESPER10,Guantes THIS MAN,12700,1,,2026-07,Guantes,,10795.0,Guantes THIS MAN
227,2026-07-08,22:50,Pago Confirmado,27800.0,-4170.0,5044.0,28674.0,Correo Argentino - Retiro por sucursal,1123.0,Ciudad Autónoma de Buenos Aires (CABA),CIUDAD AUTONOMA BUENOS AIRES,VESPER10,Baby tee FREDDY (L),15100,1,P2938146,2026-07,Baby Tee,L,12835.0,Baby tee FREDDY
228,2026-07-09,15:52,Pago Confirmado,12700.0,0.0,6113.0,18813.0,Correo Argentino - Retiro por sucursal,2686.0,Córdoba,ALEJANDRO ROCA,,Guantes JEFF,12700,1,,2026-07,Guantes,,12700.0,Guantes JEFF
230,2026-07-10,18:03,Pago Confirmado,23700.0,0.0,5044.0,28744.0,Correo Argentino - Retiro por sucursal,1024.0,Ciudad Autónoma de Buenos Aires (CABA),CIUDAD AUTONOMA BUENOS AIRES,,Remera yoshie !! (Negro) (XL),23700,1,P2489409,2026-07,Remera,XL,23700.0,Remera yoshie
231,2026-07-11,00:18,Pago Confirmado,24700.0,-1235.0,6113.0,29578.0,Correo Argentino - Retiro por sucursal,5800.0,Córdoba,RIO CUARTO,,Bucaneras “Ratas” – PREVENTA,16000,1,P2994955,2026-07,Bucaneras,,15200.0,Bucaneras Ratas
231,2026-07-11,00:18,Pago Confirmado,24700.0,-1235.0,6113.0,29578.0,Correo Argentino - Retiro por sucursal,5800.0,Córdoba,RIO CUARTO,,Gorro TYPE O,8700,1,,2026-07,Gorro,,8265.0,Gorro TYPE O
232,2026-07-16,23:57,Pago Confirmado,33700.0,-1685.0,7755.0,39770.0,Correo Argentino - Envío a domicilio,1650.0,Buenos Aires,General san martin,,Guantes THIS MAN,12700,1,,2026-07,Guantes,,12065.0,Guantes THIS MAN
232,2026-07-16,23:57,Pago Confirmado,33700.0,-1685.0,7755.0,39770.0,Correo Argentino - Envío a domicilio,1650.0,Buenos Aires,General san martin,," Tote Bag ""Experimento""",21000,1,P1862269,2026-07,Tote Bag,,19950.0,Tote Bag Experimento
233,2026-07-17,08:50,Pago Confirmado,36100.0,-1805.0,5044.0,39339.0,Correo Argentino - Retiro por sucursal,1431.0,Ciudad Autónoma de Buenos Aires (CABA),CIUDAD AUTONOMA BUENOS AIRES,,Remera regan (Negro) (S),23400,1,,2026-07,Remera,S,22230.0,Remera regan
233,2026-07-17,08:50,Pago Confirmado,36100.0,-1805.0,5044.0,39339.0,Correo Argentino - Retiro por sucursal,1431.0,Ciudad Autónoma de Buenos Aires (CABA),CIUDAD AUTONOMA BUENOS AIRES,,Guantes JEFF,12700,1,,2026-07,Guantes,,12065.0,Guantes JEFF
234,2026-07-17,16:07,Pago Confirmado,41100.0,0.0,6113.0,47213.0,Correo Argentino - Retiro por sucursal,2000.0,Santa Fe,ROSARIO,,Baby tee KAFKA (Negro) (L),15500,1,P1342570,2026-07,Baby Tee,L,15500.0,Baby tee KAFKA
234,2026-07-17,16:07,Pago Confirmado,41100.0,0.0,6113.0,47213.0,Correo Argentino - Retiro por sucursal,2000.0,Santa Fe,ROSARIO,,Remera LEO (XXL) (Negro),25600,1,P3020359,2026-07,Remera,XXL,25600.0,Remera LEO
236,2026-07-19,22:01,Pago Confirmado,56100.0,-2805.0,5121.0,58416.0,Correo Argentino - Retiro por sucursal,1427.0,Ciudad Autónoma de Buenos Aires (CABA),CIUDAD AUTONOMA BUENOS AIRES,,Gorro JEFF,8700,1,,2026-07,Gorro,,8265.0,Gorro JEFF
236,2026-07-19,22:01,Pago Confirmado,56100.0,-2805.0,5121.0,58416.0,Correo Argentino - Retiro por sucursal,1427.0,Ciudad Autónoma de Buenos Aires (CABA),CIUDAD AUTONOMA BUENOS AIRES,,Remera Trollface (Negro) (XXL) (Blanco),23700,1,P2642682,2026-07,Remera,XXL,22515.0,Remera Trollface
236,2026-07-19,22:01,Pago Confirmado,56100.0,-2805.0,5121.0,58416.0,Correo Argentino - Retiro por sucursal,1427.0,Ciudad Autónoma de Buenos Aires (CABA),CIUDAD AUTONOMA BUENOS AIRES,,Remera yoshie !! (Negro) (L),23700,1,P2489409,2026-07,Remera,L,22515.0,Remera yoshie
237,2026-07-20,23:24,Pago Confirmado,19000.0,-950.0,7755.0,25805.0,Correo Argentino - Envío a domicilio,1755.0,Buenos Aires,Rafael castillo,,Gorro SMILE DOG,8700,1,,2026-07,Gorro,,8265.0,Gorro SMILE DOG
237,2026-07-20,23:24,Pago Confirmado,19000.0,-950.0,7755.0,25805.0,Correo Argentino - Envío a domicilio,1755.0,Buenos Aires,Rafael castillo,,"Baby tee ""Jeff"" 3 (oferta)",10300,1,P1265986,2026-07,Baby Tee,,9785.0,Baby tee Jeff
238,2026-07-21,09:32,Pago Confirmado,33400.0,0.0,10509.0,43909.0,Correo Argentino - Envío a domicilio,5501.0,Mendoza,Godoy cruz ,,Remera smile dog !! (Negro) (S),24700,1,P2489308,2026-07,Remera,S,24700.0,Remera smile dog
238,2026-07-21,09:32,Pago Confirmado,33400.0,0.0,10509.0,43909.0,Correo Argentino - Envío a domicilio,5501.0,Mendoza,Godoy cruz ,,Gorro JEFF,8700,1,,2026-07,Gorro,,8700.0,Gorro JEFF
239,2026-07-23,02:10,Pago Confirmado,12700.0,-635.0,7755.0,19820.0,Correo Argentino - Envío a domicilio,1636.0,Buenos Aires,"Olivos, VicenteLopez",,Guantes THIS MAN,12700,1,,2026-07,Guantes,,12065.0,Guantes THIS MAN
240,2026-07-24,13:08,Pago Confirmado,21000.0,-1050.0,8955.0,28905.0,Correo Argentino - Envío a domicilio,1914.0,Buenos Aires,La plata,,"Remera ""Jeff"" (M) (Blanco)",21000,1,P1265950,2026-07,Remera,M,19950.0,Remera Jeff
241,2026-07-25,00:18,Pago Confirmado,14700.0,-2205.0,9808.0,22303.0,Correo Argentino - Envío a domicilio,9420.0,Tierra del Fuego,Río Grande,VESPER10,"Baby tee ""Jeff"" (L) (Negro)",14700,1,P1265986,2026-07,Baby Tee,L,12495.0,Baby tee Jeff
242,2026-07-29,17:32,Pago Confirmado,33500.0,0.0,6113.0,39613.0,Correo Argentino - Retiro por sucursal,1900.0,Buenos Aires,LA PLATA,,Bucaneras “Quirurgico” – PREVENTA,16000,1,P2935172,2026-07,Bucaneras,,16000.0,Bucaneras Quirurgico
242,2026-07-29,17:32,Pago Confirmado,33500.0,0.0,6113.0,39613.0,Correo Argentino - Retiro por sucursal,1900.0,Buenos Aires,LA PLATA,,Bucaneras “Piano” – PREVENTA,17500,1,P2935192,2026-07,Bucaneras,,17500.0,Bucaneras Piano
243,2026-07-30,20:34,Pago Confirmado,23000.0,0.0,5044.0,28044.0,Correo Argentino - Retiro por sucursal,1872.0,Buenos Aires,SARANDI,,Pantys slenderman,23000,1,,2026-07,Medias/Pantys,,23000.0,Pantys slenderman
244,2026-08-01,02:18,Pago Confirmado,35700.0,-1785.0,6715.0,40630.0,Correo Argentino - Retiro por sucursal,8309.0,Neuquén,CENTENARIO,," Tote Bag ""Dream""",21000,1,P1862271,2026-08,Tote Bag,,19950.0,Tote Bag Dream
244,2026-08-01,02:18,Pago Confirmado,35700.0,-1785.0,6715.0,40630.0,Correo Argentino - Retiro por sucursal,8309.0,Neuquén,CENTENARIO,,"Remera ""Jeff"" S (Oferta) (S) (Negro)",14700,1,P1265950,2026-08,Remera,S,13965.0,Remera Jeff
246,2026-08-06,12:35,Pago Confirmado,12700.0,-1905.0,5044.0,15839.0,Correo Argentino - Retiro por sucursal,1406.0,Ciudad Autónoma de Buenos Aires (CABA),CIUDAD AUTONOMA BUENOS AIRES,VESPER10,Guantes THIS MAN,12700,1,,2026-08,Guantes,,10795.0,Guantes THIS MAN
247,2026-08-10,21:16,Pago Confirmado,32000.0,-1600.0,5044.0,35444.0,Correo Argentino - Retiro por sucursal,1847.0,Buenos Aires,RAFAEL CALZADA,,Baby tee fun people (S),16300,1,P3075012,2026-08,Baby Tee,S,15485.0,Baby tee fun people
247,2026-08-10,21:16,Pago Confirmado,32000.0,-1600.0,5044.0,35444.0,Correo Argentino - Retiro por sucursal,1847.0,Buenos Aires,RAFAEL CALZADA,,Baby tee HELLRAISER (1),15700,1,P2407492,2026-08,Baby Tee,,14915.0,Baby tee HELLRAISER
248,2026-08-11,10:55,Pago Confirmado,16300.0,0.0,7755.0,24055.0,Correo Argentino - Envío a domicilio,1875.0,Buenos Aires,Wilde,,Baby tee fun people (S),16300,1,P3075012,2026-08,Baby Tee,S,16300.0,Baby tee fun people
249,2026-08-14,14:43,Pago Confirmado,32500.0,-1625.0,5044.0,35919.0,Correo Argentino - Retiro por sucursal,1177.0,Ciudad Autónoma de Buenos Aires (CABA),CIUDAD AUTONOMA BUENOS AIRES,,"Baby tee ""Experimento ruso"" (Negro) (L)",16200,1,P1272613,2026-08,Baby Tee,L,15390.0,Baby tee Experimento ruso
249,2026-08-14,14:43,Pago Confirmado,32500.0,-1625.0,5044.0,35919.0,Correo Argentino - Retiro por sucursal,1177.0,Ciudad Autónoma de Buenos Aires (CABA),CIUDAD AUTONOMA BUENOS AIRES,,Baby tee REGAN (L),16300,1,P3075012,2026-08,Baby Tee,L,15485.0,Baby tee fun people
250,2026-08-16,18:57,Pago Confirmado,42000.0,0.0,5487.0,47487.0,Correo Argentino - Retiro por sucursal,1884.0,Buenos Aires,BERAZATEGUI,,Campera Regan (M),42000,1,P1781566,2026-08,Campera,M,42000.0,Campera yoshie
251,2026-08-21,04:27,Pago Confirmado,54700.0,-2735.0,7479.0,59444.0,Correo Argentino - Retiro por sucursal,7600.0,Buenos Aires,MAR DEL PLATA,,Campera yoshie (S),42000,1,P1781566,2026-08,Campera,S,39900.0,Campera yoshie
251,2026-08-21,04:27,Pago Confirmado,54700.0,-2735.0,7479.0,59444.0,Correo Argentino - Retiro por sucursal,7600.0,Buenos Aires,MAR DEL PLATA,,Guantes JEFF,12700,1,,2026-08,Guantes,,12065.0,Guantes JEFF
252,2026-08-23,22:16,Pago Confirmado,42000.0,-2100.0,8829.0,48729.0,Correo Argentino - Envío a domicilio,1405.0,Ciudad Autónoma de Buenos Aires (CABA),Caballito,,Campera yoshie (S),42000,1,P1781566,2026-08,Campera,S,39900.0,Campera yoshie
253,2026-09-01,23:46,Pago Confirmado,17500.0,-875.0,8955.0,25580.0,Correo Argentino - Envío a domicilio,5008.0,Córdoba,Córdoba Capital,,Bucaneras “Piano” – PREVENTA,17500,1,P2935192,2026-09,Bucaneras,,16625.0,Bucaneras Piano
254,2026-09-04,10:23,Pago Confirmado,62100.0,-3105.0,5428.0,64423.0,Correo Argentino - Retiro por sucursal,1879.0,Buenos Aires,QUILMES OESTE,,Totebag personalizada,21000,1,P2108138,2026-09,Tote Bag,,19950.0,Totebag personalizada
254,2026-09-04,10:23,Pago Confirmado,62100.0,-3105.0,5428.0,64423.0,Correo Argentino - Retiro por sucursal,1879.0,Buenos Aires,QUILMES OESTE,,Remera pou manga corta (Negro) (M),24400,1,P2333094,2026-09,Remera,M,23180.0,Remera pou manga corta
254,2026-09-04,10:23,Pago Confirmado,62100.0,-3105.0,5428.0,64423.0,Correo Argentino - Retiro por sucursal,1879.0,Buenos Aires,QUILMES OESTE,,Baby tee DONNIE (1),16700,1,P2407488,2026-09,Baby Tee,,15865.0,Baby tee DONNIE
256,2026-09-10,08:17,Pago Confirmado,14700.0,0.0,7755.0,22455.0,Correo Argentino - Envío a domicilio,1875.0,Buenos Aires,Wilde,,"Baby tee ""Jeff"" (S) (Negro)",14700,1,P1265986,2026-09,Baby Tee,S,14700.0,Baby tee Jeff
